 ,Area,Mean,Min,Max,XM,YM
1,496,197,96,232,322.81799999999998,143.33000000000001
